Date,Open,High,Low,Close,Volume,Adj Close
2000-01-03,104.875,112.50,95.00,99.50,152760100,3.322945
2000-01-10,102.00,102.25,86.50,100.4375,167287100,3.354254
2000-01-18,101.00,121.50,100.4375,111.3125,211492400,3.717441
2000-01-24,108.4375,114.1875,100.625,101.625,103433600,3.393913
2000-01-31,101.00,110.00,94.50,108.00,119221200,3.606815
2000-02-07,108.00,117.125,105.9375,108.75,83215400,3.631862
2000-02-14,109.3125,119.9375,108.625,111.25,87723400,3.715353
2000-02-22,110.125,119.125,106.6875,110.375,95060700,3.686132
2000-02-28,110.125,132.0625,108.375,128.00,120445900,4.274744
2000-03-06,126.00,129.125,118.25,125.749992,64006300,4.199602
2000-03-13,122.125,126.50,114.000008,125.00,92964400,4.174554
2000-03-20,123.50,150.375,121.625,138.6875,115314600,4.631668
2000-03-27,137.625,144.75,125.4375,135.8125,77050900,4.535653
2000-04-03,135.50,139.50,116.75,131.75,97431000,4.399981
2000-04-10,131.6875,132.75,104.875,111.875,144633400,3.736226
2000-04-17,109.50,130.25,109.0625,118.875,127672300,3.970001
2000-04-24,115.00,128.75,114.75,124.062508,88917900,4.143246
2000-05-01,124.874992,126.250008,110.5625,113.125008,81800800,3.777972
2000-05-08,112.093704,113.6875,98.75,107.625,92689500,3.594291
2000-05-15,108.0625,109.0625,93.375,94.00,131596000,3.139265
2000-05-22,93.75,93.75,83.00,86.375,126972700,2.884617
2000-05-30,87.625,99.75,80.375,92.5625,177703400,3.091258
2000-06-05,93.3125,98.50,89.6875,95.75,83852700,3.197709
2000-06-12,96.375,96.4375,88.1875,91.1875,73568800,3.045337
2000-06-19,90.5625,103.9375,50.3125,51.6875,102903600,3.452357
2000-06-26,52.50,55.50,51.0625,52.375,60100600,3.498277
2000-07-03,52.125,55.1875,49.625,54.4375,56824600,3.636037
2000-07-10,54.0937,60.625,53.75,57.6875,80853000,3.853114
2000-07-17,58.25,58.875,51.75,53.5625,84904400,3.577593
2000-07-24,52.5625,53.25,46.875,48.3125,68356400,3.226931
2000-07-31,49.156197,51.625,44.25,47.375,52897800,3.164312
2000-08-07,47.875,49.0625,45.5625,47.6875,61671600,3.185185
2000-08-14,47.5937,52.4375,46.3125,50.00,43780500,3.339643
2000-08-21,50.25,57.50,49.625,56.8125,64667900,3.79467
2000-08-28,57.25,63.625,57.0625,63.4375,79394800,4.237173
2000-09-05,62.6562,64.125,57.75,58.875,66689300,3.93243
2000-09-11,58.6875,60.375,54.25,55.234303,75121400,3.689258
2000-09-18,55.25,61.4375,50.00,52.1875,108031200,3.485753
2000-09-25,52.75,55.50,25.375,25.75,476498600,1.719916
2000-10-02,26.6875,26.75,21.00,22.1875,370729800,1.481967
2000-10-09,22.625,22.875,19.125,22.0625,246295200,1.473618
2000-10-16,22.3125,23.25,18.3125,19.50,227707400,1.302461
2000-10-23,20.2656,20.875,17.50,18.5625,174303300,1.239843
2000-10-30,19.125,23.00,18.75,22.25,160347600,1.486141
2000-11-06,22.4375,22.625,19.0625,19.0625,100830800,1.273239
2000-11-13,18.75,20.50,18.25,18.50,90436300,1.235668
2000-11-20,18.5937,19.50,18.25,19.3125,71967700,1.289937
2000-11-27,19.875,19.9375,16.125,17.0625,110768500,1.139653
2000-12-04,17.1875,17.4375,14.00,15.062499,160225200,1.006068
2000-12-11,15.1875,16.00,14.00,14.0625,92046000,0.939275
2000-12-18,14.5625,15.25,13.625,15.00,97502100,1.001893
2000-12-26,14.875,15.00,14.187499,14.875,92362200,0.993544
2001-01-02,14.875,18.50,14.4375,16.375,151321100,1.093733
2001-01-08,16.9375,18.50,15.937499,17.1875,138526000,1.148002
2001-01-16,17.4375,19.5625,16.50,19.50,196916600,1.302461
2001-01-22,19.0625,20.9375,18.4375,19.5625,154423900,1.306636
2001-01-29,19.5625,22.50,19.5625,20.625,153784600,1.377603
2001-02-05,20.50,21.3906,18.6875,19.125,116846200,1.277414
2001-02-12,19.0625,20.5625,18.50,19.00,69781800,1.269065
2001-02-20,19.1875,19.9375,18.00,18.8125,89436200,1.256541
2001-02-26,19.0625,20.4375,17.1875,19.25,89992500,1.285763
2001-03-05,19.375,22.0625,19.25,20.25,98975500,1.352556
2001-03-12,19.6875,21.375,18.125,19.625,115587900,1.31081
2001-03-19,19.75,23.5625,19.375,23.00,144739000,1.536236
2001-03-26,23.130001,23.75,21.129999,22.07,143817500,1.474119
2001-04-02,22.09,22.66,18.75,20.59,108336700,1.375265
2001-04-09,20.689999,23.02,20.059999,22.42,84811600,1.497496
2001-04-16,22.09,25.75,19.60,25.040001,231917000,1.672494
2001-04-23,24.34,26.289999,23.51,26.200001,125107600,1.749973
2001-04-30,26.700001,27.119999,23.959999,25.75,93657400,1.719916
2001-05-07,25.620001,25.76,22.76,22.85,70444900,1.526217
2001-05-14,22.889999,25.50,22.75,23.529999,67987300,1.571636
2001-05-21,23.630001,24.129999,22.50,22.76,79272700,1.520206
2001-05-29,22.32,22.50,19.299999,20.890001,137002200,1.395303
2001-06-04,21.08,21.699999,20.33,21.32,82234800,1.424024
2001-06-11,21.049999,21.73,19.35,20.440001,93062700,1.365246
2001-06-18,20.41,23.00,19.98,22.26,86298800,1.486809
2001-06-25,22.50,25.10,22.450001,23.25,97513000,1.552934
2001-07-02,23.639999,24.23,21.719999,22.030001,49862700,1.471447
2001-07-09,22.09,25.01,20.84,24.85,113639400,1.659803
2001-07-16,24.880001,25.219999,19.49,19.98,168461700,1.334522
2001-07-23,20.09,20.50,17.85,18.959999,86844500,1.266393
2001-07-30,19.120001,19.90,18.51,19.50,61033200,1.302461
2001-08-06,19.040001,19.700001,18.540001,19.02,46599800,1.2704
2001-08-13,19.10,19.359999,17.970001,18.07,58137200,1.206947
2001-08-20,18.139999,18.620001,17.58,18.57,55969400,1.240344
2001-08-27,18.60,19.299999,17.280001,18.550001,58647400,1.239008
2001-09-04,18.50,19.08,17.200001,17.280001,77029400,1.154181
2001-09-10,17.00,17.719999,14.68,15.73,102040100,1.050652
2001-09-24,16.110001,16.84,14.929999,15.509999,92504400,1.035957
2001-10-01,15.490001,16.25,14.830001,16.140001,93547100,1.078037
2001-10-08,15.57,18.08,15.499999,18.01,65587200,1.20294
2001-10-15,17.950001,18.41,16.959999,18.299999,79330100,1.22231
2001-10-22,18.209999,19.42,17.75,18.67,99263000,1.247023
2001-10-29,18.57,18.859999,17.059999,18.57,64994700,1.240344
2001-11-05,18.84,20.130001,18.530001,18.709999,70561900,1.249695
2001-11-12,18.66,19.90,17.960001,18.970001,54550700,1.267061
2001-11-19,19.00,20.200001,18.959999,19.84,54422500,1.325171
2001-11-26,19.940001,21.549999,19.879999,21.299999,74326500,1.422688
2001-12-03,21.059999,24.029999,20.599998,22.540001,83630600,1.505511
2001-12-10,22.289999,22.99,20.09,20.389999,47783600,1.361907
2001-12-17,20.40,21.68,20.190001,21.00,58805300,1.40265
2001-12-24,20.90,23.00,20.90,22.43,42978900,1.498164
2001-12-31,22.51,23.950001,21.83,23.690001,105578900,1.582323
2002-01-07,23.720001,24.00,20.25,21.049999,101199800,1.40599
2002-01-14,21.01,22.74,20.50,22.17,113629800,1.480798
2002-01-22,22.27,23.51,21.59,23.25,81281900,1.552934
2002-01-28,23.40,24.960001,22.719999,24.41,88254800,1.630414
2002-02-04,24.32,25.98,23.369999,24.029999,114000000,1.605033
2002-02-11,23.93,25.24,23.74,23.90,72805600,1.59635
2002-02-19,23.76,23.870001,21.450001,22.74,95558000,1.51887
2002-02-25,22.85,24.719999,20.940001,23.449999,126153400,1.566293
2002-03-04,23.26,25.09,22.76,24.66,68859500,1.647112
2002-03-11,24.60,25.139999,23.870001,24.950001,58790200,1.666482
2002-03-18,24.950001,25.299999,23.26,24.09,82988300,1.60904
2002-03-25,24.07,24.09,23.00,23.67,47301800,1.580987
2002-04-01,23.379999,25.190001,23.280001,24.74,61710800,1.652456
2002-04-08,24.16,25.199999,23.780001,25.059999,70276000,1.673829
2002-04-15,25.059999,26.17,24.799999,24.98,104365800,1.668486
2002-04-22,24.84,24.93,23.00,23.009998,57126400,1.536904
2002-04-29,23.16,24.380001,23.09,23.51,61904000,1.5703
2002-05-06,23.35,24.52,22.139999,23.32,69455400,1.55761
2002-05-13,23.519999,25.98,22.939999,25.01,79574300,1.67049
2002-05-20,24.57,25.24,23.32,24.15,68867600,1.613048
2002-05-28,23.690001,24.440001,23.280001,23.299999,58336200,1.556274
2002-06-03,23.389999,23.449999,20.93,21.400002,86619400,1.429368
2002-06-10,21.48,21.84,18.110001,20.099998,96638600,1.342537
2002-06-17,20.24,20.629999,16.790001,16.85,161462500,1.12546
2002-06-24,16.77,17.82,15.98,17.719999,90680200,1.18357
2002-07-01,17.709999,18.75,16.75,18.74,55534800,1.251698
2002-07-08,18.52,18.789999,16.969999,17.51,73100100,1.169543
2002-07-15,17.43,18.60,14.530001,14.96,145145800,0.999221
2002-07-22,14.75,15.219999,13.799999,14.339999,96222000,0.95781
2002-07-29,14.48,15.509999,14.250001,14.450001,67425600,0.965157
2002-08-05,14.51,15.38,13.97,15.00,62130800,1.001893
2002-08-12,14.900001,16.10,14.540001,15.809999,70801000,1.055995
2002-08-19,15.780001,16.25,15.45,15.73,51358400,1.050652
2002-08-26,15.95,15.95,14.51,14.75,52893100,0.985195
2002-09-03,14.49,14.78,14.049999,14.38,69085400,0.960482
2002-09-09,14.28,14.60,14.049999,14.17,58145300,0.946455
2002-09-16,14.139999,15.09,14.119999,14.87,80100700,0.99321
2002-09-23,14.76,15.190001,14.400001,14.719999,59192500,0.983191
2002-09-30,14.400001,14.629999,13.99,14.030001,60909500,0.937104
2002-10-07,13.97,14.78,13.360001,14.51,83564000,0.969165
2002-10-14,14.549999,15.25,13.900001,14.339999,83257100,0.95781
2002-10-21,14.259999,15.45,14.00,15.420001,55976200,1.029946
2002-10-28,15.55,16.50,14.96,16.360001,68241000,1.092731
2002-11-04,16.50,17.380001,15.52,15.84,66507200,1.057999
2002-11-11,15.74,16.41,15.120001,15.95,45560700,1.065346
2002-11-18,16.190001,16.440001,15.01,16.009998,61530500,1.069354
2002-11-25,16.029999,16.140001,15.27,15.499999,54370000,1.035289
2002-12-02,15.90,16.10,14.50,14.95,72056300,0.998553
2002-12-09,14.94,15.55,14.65,14.79,55615800,0.987867
2002-12-16,14.81,15.190001,13.78,14.139999,64530200,0.944451
2002-12-23,14.16,14.81,14.01,14.059999,20664000,0.939108
2002-12-30,14.08,14.929999,13.84,14.900001,42790600,0.995214
2003-01-06,15.030001,15.38,14.440001,14.719999,67643800,0.983191
2003-01-13,14.900001,14.900001,14.08,14.10,78138200,0.94178
2003-01-21,14.21,14.41,13.559999,13.799999,62645100,0.921742
2003-01-27,13.68,15.10,13.650001,14.36,89949400,0.959146
2003-02-03,14.41,14.929999,14.07,14.15,62633200,0.945119
2003-02-10,14.259999,14.719999,14.059999,14.67,50657300,0.979851
2003-02-18,14.75,15.299999,14.65,15.00,57066400,1.001893
2003-02-24,14.86,15.09,13.799999,15.01,46771400,1.002561
2003-03-03,15.01,15.16,14.31,14.530001,37885100,0.9705
2003-03-10,14.51,15.01,14.059999,14.78,50343400,0.987199
2003-03-17,14.89,15.15,14.60,15.00,61616800,1.001893
2003-03-24,14.67,14.830001,14.30,14.57,38741900,0.973172
2003-03-31,14.329999,14.699999,14.039999,14.41,43705200,0.962485
2003-04-07,14.849999,14.95,12.929999,13.20,98616500,0.881666
2003-04-14,13.71,13.75,12.72,13.12,152460000,0.876322
2003-04-21,13.13,13.63,12.98,13.35,59649800,0.891685
2003-04-28,13.48,14.59,13.43,14.450001,110857600,0.965157
2003-05-05,14.77,18.400002,14.75,18.299999,270035000,1.22231
2003-05-12,18.15,19.01,17.950001,18.799999,92414000,1.255706
2003-05-19,18.530001,18.65,17.60,18.32,77614800,1.223645
2003-05-27,17.960001,18.90,17.530001,17.950001,84145200,1.198932
2003-06-02,18.10,18.289999,17.02,17.15,74876700,1.145498
2003-06-09,16.940001,17.950001,16.630001,17.42,55277300,1.163532
2003-06-16,17.60,19.610001,17.450001,19.200001,80452400,1.282423
2003-06-23,19.299999,19.690001,18.480001,18.73,83952600,1.25103
2003-06-30,18.68,19.549999,18.51,19.130001,54138300,1.277748
2003-07-07,19.27,20.50,19.130001,19.85,53222400,1.325839
2003-07-14,20.01,21.18,19.379999,20.860001,84801600,1.393299
2003-07-21,20.689999,21.57,20.300001,21.540001,48559500,1.438718
2003-07-28,21.50,21.50,20.17,20.73,49607000,1.384616
2003-08-04,20.529999,21.50,19.42,19.640001,51852900,1.311812
2003-08-11,19.82,20.34,19.459999,19.710001,45220500,1.316488
2003-08-18,19.860001,22.00,19.720001,20.880001,55263300,1.394635
2003-08-25,20.780001,22.85,20.35,22.610001,55561200,1.510187
2003-09-02,22.66,23.32,22.40,22.50,59429600,1.50284
2003-09-08,22.48,23.140001,22.10,23.10,48308900,1.542915
2003-09-15,22.809999,23.049999,21.849998,22.58,62205600,1.508183
2003-09-22,22.18,22.50,20.150002,20.689999,76759400,1.381945
2003-09-29,21.49,21.860001,20.190001,21.690001,69545000,1.448737
2003-10-06,21.67,23.809999,21.58,23.68,81887900,1.581655
2003-10-13,23.730001,25.01,22.41,22.75,125044000,1.519538
2003-10-20,22.60,23.40,22.23,22.60,50113000,1.509519
2003-10-27,22.75,24.00,22.40,22.889999,57975900,1.528889
2003-11-03,22.83,23.299999,22.450001,22.50,74088200,1.50284
2003-11-10,22.450001,22.719999,21.279999,21.460001,59958600,1.433375
2003-11-17,21.35,21.370001,19.85,20.280001,66073000,1.354559
2003-11-24,20.50,21.27,20.25,20.91,60731600,1.396639
2003-12-01,21.039999,21.900002,20.73,20.85,56112200,1.392631
2003-12-08,20.780001,21.34,19.959999,20.890001,46526400,1.395303
2003-12-15,21.49,21.49,19.620001,19.700001,91080000,1.31582
2003-12-22,19.650002,20.91,19.25,20.780001,60420800,1.387956
2003-12-29,20.91,21.75,20.860001,21.279999,47337800,1.421352
2004-01-05,21.42,24.129999,21.42,23.00,118950100,1.536236
2004-01-12,23.25,24.84,22.50,22.719999,158881800,1.517534
2004-01-20,22.67,22.969999,22.18,22.560001,60923800,1.506847
2004-01-26,22.459999,23.379999,22.190001,22.560001,62587000,1.506847
2004-02-02,22.459999,22.91,21.699999,22.710001,65999000,1.516866
2004-02-09,22.620001,24.099998,22.439999,23.00,64605800,1.536236
2004-02-17,23.10,23.639999,22.209999,22.40,57079700,1.49616
2004-02-23,22.34,24.02,21.889999,23.92,69832800,1.597685
2004-03-01,24.099998,27.49,23.599998,26.74,150216000,1.786041
2004-03-08,26.620001,28.139999,25.75,27.559999,153663700,1.840811
2004-03-15,27.029999,27.35,25.389999,25.859999,111412000,1.727264
2004-03-22,25.369999,27.360001,25.219999,27.039999,110955000,1.806079
2004-03-29,27.370001,27.99,26.620001,27.50,84699400,1.836804
2004-04-05,27.48,28.369999,26.92,27.529999,71231300,1.838808
2004-04-12,27.50,29.58,26.309999,29.18,173552400,1.949016
2004-04-19,28.119999,28.75,27.049999,27.700001,102658000,1.850163
2004-04-26,27.58,27.639999,25.49,25.779999,83672600,1.72192
2004-05-03,26.00,27.57,25.50,26.67,74915900,1.781366
2004-05-10,26.27,27.720001,25.939999,27.059999,64411200,1.807415
2004-05-17,26.700001,27.50,26.359999,27.110001,62914600,1.810755
2004-05-24,27.290001,28.780001,27.110001,28.060001,62972000,1.874208
2004-06-01,27.790001,29.249998,27.609999,28.780001,71930600,1.922299
2004-06-07,29.040001,30.970001,28.809998,30.74,82392400,2.053213
2004-06-14,30.650002,33.41,29.50,32.91,127791700,2.198153
2004-06-21,33.119999,33.830002,32.120003,33.700001,85876800,2.25092
2004-06-28,34.18,34.190002,29.73,31.08,136865900,2.075922
2004-07-06,31.27,31.420002,29.950001,30.029999,74326000,2.00579
2004-07-12,30.02,33.629997,28.74,32.200001,195985100,2.15073
2004-07-19,32.010002,32.709999,30.48,30.699999,88293200,2.050541
2004-07-26,30.849998,33.00,30.780001,32.34,78458500,2.160081
2004-08-02,31.18,32.300003,29.699999,29.780001,79500100,1.989092
2004-08-09,29.849998,31.540001,29.810001,30.840002,75926200,2.059892
2004-08-16,30.999998,31.860001,30.35,30.800001,91452400,2.05722
2004-08-23,30.859999,35.18,30.599998,34.349998,123954300,2.294335
2004-08-30,34.00,35.989998,33.959999,35.23,90511100,2.353113
2004-09-07,35.399998,36.57,35.23,35.869999,89677300,2.39586
2004-09-13,35.880001,37.380001,34.780003,37.139999,88684600,2.480687
2004-09-20,36.880001,38.869999,36.810001,37.290001,90011600,2.490706
2004-09-27,36.950001,39.27,36.829998,38.670002,95731400,2.58288
2004-10-04,39.18,40.93,38.400002,39.059998,110596300,2.60893
2004-10-11,38.799999,45.75,37.650002,45.50,287331200,3.039076
2004-10-18,44.699997,48.349998,44.699997,47.41,190771200,3.16665
2004-10-25,47.199997,53.200001,46.970001,52.400002,192749200,3.499947
2004-11-01,52.50,56.110001,52.040001,54.720001,233494200,3.654906
2004-11-08,54.27,55.689999,53.380001,55.50,115718100,3.707004
2004-11-15,55.199997,56.91,54.220001,55.170002,114666400,3.684963
2004-11-22,61.799999,65.760002,57.899998,64.550003,338787000,4.31148
2004-11-29,68.950005,69.57,61.75,62.68,288414000,4.186577
2004-12-06,64.25,66.729996,62.049999,65.150002,225699800,4.351556
2004-12-13,65.620003,67.50,64.600006,64.989998,155936700,4.340868
2004-12-20,65.470001,66.00,61.600002,64.010002,190268700,4.275412
2004-12-27,64.800003,65.150002,62.049999,64.400002,112236800,4.301461
2005-01-03,64.779999,69.629997,62.599998,69.25,270112000,4.625407
2005-01-10,69.830002,74.419998,63.299999,70.199997,559604900,4.688859
2005-01-18,69.850006,71.600006,67.75,70.489998,224038100,4.70823
2005-01-24,70.980003,73.979996,70.550003,73.979996,192409800,4.941337
2005-01-31,74.580002,79.910004,74.510002,78.840004,233738100,5.26595
2005-02-07,78.93,81.989998,76.659996,81.210007,245000200,5.424249
2005-02-14,82.729996,90.879997,82.050003,86.809998,395232600,5.798289
2005-02-22,86.300003,89.910004,85.290001,88.989998,312438300,5.943898
2005-02-28,44.68,45.139999,41.219997,42.809998,187311600,5.718805
2005-03-07,42.800003,43.25,38.830002,40.27,210224400,5.379498
2005-03-14,40.52,43.439999,39.52,42.959999,177693800,5.738843
2005-03-21,43.290001,43.969997,42.02,42.50,128441900,5.677394
2005-03-28,42.75,42.959999,40.57,40.889999,120457200,5.462321
2005-04-04,40.990002,44.450001,40.16,43.739998,135400800,5.84304
2005-04-11,44.149998,44.25,35.279999,35.350002,382797500,4.722256
2005-04-18,35.00,37.739998,34.00,35.50,247633600,4.742294
2005-04-25,36.490002,37.510002,35.219997,36.060001,170879600,4.817102
2005-05-02,36.209999,37.330002,36.02,37.240002,106222400,4.974733
2005-05-09,37.279999,37.450001,33.110001,34.77,225544700,4.644776
2005-05-16,34.560001,37.68,34.529999,37.550003,147258700,5.016145
2005-05-23,37.849998,40.939999,37.849998,40.560001,143678500,5.418238
2005-05-31,40.66,40.760002,37.77,38.240002,136803800,5.108319
2005-06-06,38.329998,38.630001,35.519997,35.809998,151521300,4.783705
2005-06-13,35.889999,38.540001,35.75,38.309998,124538100,5.11767
2005-06-20,37.849998,39.779999,37.380001,37.759998,110206600,5.044198
2005-06-27,36.84,38.100002,36.119999,36.50,103361000,4.87588
2005-07-05,36.549999,38.280003,36.50,38.25,95209600,5.109655
2005-07-11,38.369999,42.010002,37.779999,41.549999,212220200,5.550488
2005-07-18,41.41,44.040001,41.07,44.00,120806200,5.877772
2005-07-25,43.989998,44.380001,42.259998,42.650002,83018000,5.697432
2005-08-01,42.57,43.50,42.02,42.989998,69034100,5.742851
2005-08-08,43.00,46.220001,42.610001,46.099998,105309400,6.158303
2005-08-15,46.48,48.330002,45.75,45.830002,147160100,6.122235
2005-08-22,46.150002,47.119999,45.260002,45.739998,89635900,6.110212
2005-08-29,45.27,47.170002,45.260002,46.220001,87837900,6.174333
2005-09-06,46.700001,51.349998,46.549999,51.309998,193748400,6.854284
2005-09-12,51.100002,51.630001,49.330002,51.209999,121313300,6.840926
2005-09-19,51.049999,53.810001,51.049999,53.200001,153024600,7.106761
2005-09-26,54.030003,54.560001,50.59,53.610001,159114400,7.161531
2005-10-03,54.16,55.349998,50.549999,51.299999,154660100,6.852949
2005-10-10,51.759998,54.349998,47.870003,54.00,366600200,7.21363
2005-10-17,53.98,56.980003,51.209999,55.66,219479600,7.435382
2005-10-24,55.25,57.560001,54.170002,54.469997,144390100,7.276415
2005-10-31,55.199997,62.32,54.75,61.149998,215500400,8.168768
2005-11-07,60.849998,62.110001,59.010002,61.540001,137816000,8.220866
2005-11-14,61.540001,65.879997,60.91,64.560005,144622800,8.624296
2005-11-21,64.82,69.540001,63.720001,69.339996,120803700,9.262836
2005-11-28,70.720001,72.740005,67.349998,72.629997,210714100,9.702332
2005-12-05,71.949997,74.829994,71.489998,74.330002,173302300,9.929428
2005-12-12,74.869995,75.459999,70.269997,71.110001,185093000,9.499282
2005-12-19,71.110001,74.490005,71.039993,73.350006,104230400,9.798514
2005-12-27,74.00,75.18,70.340004,71.889999,131437000,9.603479
2006-01-03,72.380005,76.699997,72.25,76.299995,161294800,10.192592
2006-01-09,76.730003,86.400002,75.739998,85.590004,325290900,11.433604
2006-01-17,85.699997,86.380005,75.830002,76.089996,304179200,10.164539
2006-01-23,76.099998,79.559998,71.099998,72.029999,280651100,9.622181
2006-01-30,71.169998,76.599998,70.870003,71.850006,211628700,9.598136
2006-02-06,72.019997,72.509995,62.899998,67.309998,345197700,8.991656
2006-02-13,66.630005,71.010002,64.639999,70.290001,236419100,9.389742
2006-02-21,70.589996,73.00,68.00,71.459999,196844200,9.546037
2006-02-27,71.989998,72.400002,67.529999,67.720001,209249000,9.046427
2006-03-06,67.690002,67.720001,62.450001,63.189999,214062100,8.441283
2006-03-13,65.050003,68.040001,64.110001,64.659996,197844200,8.637654
2006-03-20,65.220001,65.460007,59.030003,59.959999,289825400,8.009801
2006-03-27,60.349998,63.610001,57.669998,62.720001,351561800,8.378498
2006-04-03,63.670002,72.050003,61.050003,69.790001,409506500,9.322949
2006-04-10,70.290001,70.93,65.809998,66.470001,207337700,8.879444
2006-04-17,66.510002,70.00,64.349998,67.040001,252939200,8.955588
2006-04-24,66.849998,71.300003,65.50,70.389999,177648100,9.403101
2006-05-01,70.769997,72.889999,69.160004,71.889999,181668300,9.603479
2006-05-08,72.990005,73.800003,66.860001,67.699997,152043500,9.043755
2006-05-15,67.370003,68.380005,62.820004,64.510002,193221000,8.617617
2006-05-22,63.869999,65.189995,61.560001,63.549999,161287100,8.489374
2006-05-30,63.290001,63.299999,58.690002,61.660004,217042100,8.236897
2006-06-05,61.149998,61.560001,57.150002,59.240002,212782500,7.91362
2006-06-12,59.399998,59.739998,56.690002,57.560001,235252500,7.689196
2006-06-19,57.830002,60.170002,57.000004,58.829998,193334100,7.858849
2006-06-26,59.169998,59.220001,55.41,57.270004,174047300,7.650456
2006-07-03,57.52,58.180004,54.669998,55.400002,134098800,7.40065
2006-07-10,55.700001,56.489998,50.16,50.670002,226232000,6.76879
2006-07-17,51.73,61.59,51.650002,60.720001,313988600,8.111326
2006-07-24,61.260002,65.68,60.43,65.589996,181845300,8.761889
2006-07-31,66.830002,70.00,64.959999,68.300003,242464300,9.123906
2006-08-07,67.720001,69.599998,62.579998,63.650002,233725200,8.502732
2006-08-14,64.049995,68.660004,63.599998,67.909996,173887900,9.071808
2006-08-21,67.299995,69.049995,66.150002,68.75,141930100,9.184019
2006-08-28,68.50,68.650002,65.120003,68.380005,167441400,9.134593
2006-09-05,68.970001,73.57,68.550003,72.519997,259402500,9.687637
2006-09-11,72.43,74.980003,71.419998,74.099998,278176600,9.898704
2006-09-18,73.800003,76.059998,72.580002,73.00,184867700,9.75176
2006-09-25,73.809998,77.779999,73.720001,76.979996,195086700,10.28343
2006-10-02,75.100006,76.160004,73.159996,74.220001,174163600,9.914734
2006-10-09,73.800003,76.879997,72.599998,75.020004,140935900,10.021603
2006-10-16,75.190002,79.990005,73.910004,79.949997,213795800,10.680181
2006-10-23,79.990005,82.599998,79.75,80.409996,140432800,10.74163
2006-10-30,79.990005,81.68,77.790001,78.290001,125497800,10.458428
2006-11-06,78.949997,84.690002,78.43,83.120003,147417200,11.103647
2006-11-13,83.220001,86.300003,82.639999,85.850006,142765800,11.468336
2006-11-20,85.400002,93.080002,85.199997,91.630005,149004900,12.240461
2006-11-27,92.510002,93.160004,89.50,91.32,246682900,12.19905
2006-12-04,91.879997,92.329994,86.900002,88.259995,189983200,11.790277
2006-12-11,88.900002,90.00,85.529999,87.720001,197786100,11.718142
2006-12-18,87.630005,88.00,81.599998,82.199997,185878800,10.980748
2006-12-26,82.149994,85.400002,76.770004,84.839996,288921800,11.333414
2007-01-03,86.290001,86.580002,81.900002,85.049995,243360100,11.361467
2007-01-08,85.959999,97.800003,85.150002,94.620003,492611400,12.639883
2007-01-16,95.68,97.599998,88.120003,88.50,413713400,11.822339
2007-01-22,89.139999,89.159996,84.990005,85.379997,274105500,11.40555
2007-01-29,86.300003,86.650002,83.699997,84.75,181078800,11.321391
2007-02-05,84.300003,86.509995,82.860001,83.270004,202482100,11.123685
2007-02-12,84.43,85.639999,83.629997,84.830002,128828400,11.332078
2007-02-20,84.650002,90.810005,84.159996,89.07,195570900,11.898482
2007-02-26,89.839996,90.00,83.00,85.409996,247833300,11.409558
2007-03-05,85.889999,88.970001,85.760002,87.970001,157560900,11.751537
2007-03-12,88.07,90.599998,87.920006,89.590004,176254400,11.967947
2007-03-19,90.240005,94.360001,89.590004,93.519997,145057500,12.492938
2007-03-26,93.990005,96.830002,92.230003,92.909996,203282900,12.411451
2007-04-02,94.139999,95.229996,93.019997,94.68,119889100,12.647898
2007-04-09,95.210007,95.299995,90.059998,90.240005,134572200,12.054778
2007-04-16,90.57,92.300003,89.599998,90.970001,138684500,12.152295
2007-04-23,91.589996,102.50,91.300003,99.919998,272993400,13.347887
2007-04-30,100.090004,101.600006,98.550003,100.809998,130612100,13.466779
2007-05-07,101.079994,109.130005,101.010002,108.739998,210713300,14.526114
2007-05-14,109.619995,110.639999,103.419998,110.020004,204493200,14.697104
2007-05-21,110.309998,115.00,110.050003,113.619995,182199900,15.178012
2007-05-29,114.450005,122.170006,112.690002,118.400002,269154200,15.816552
2007-06-04,118.630005,127.610001,117.900002,124.490005,303823100,16.630091
2007-06-11,126.00,126.150002,115.399994,120.499992,340333100,16.097082
2007-06-18,123.280006,125.179993,120.720001,123.00,212503200,16.431046
2007-06-25,124.190002,125.090004,118.719994,122.040001,263054500,16.302805
2007-07-02,121.049995,133.339996,119.299995,132.300003,280318100,17.673393
2007-07-09,132.380005,137.850006,128.809998,137.729996,234240700,18.398764
2007-07-16,138.389999,144.180008,136.040009,143.75,215179700,19.202951
2007-07-23,143.309998,148.919998,134.149994,143.849991,383784600,19.216309
2007-07-30,144.330002,145.450012,127.770004,131.850006,307568500,17.613279
2007-08-06,132.899994,137.240005,120.300003,125.00,260967400,16.698217
2007-08-13,128.320007,129.349991,111.619995,122.060005,277326100,16.305475
2007-08-20,123.959991,135.369995,120.499992,135.300003,247340100,18.07415
2007-08-27,133.389999,139.650009,126.630005,138.480011,268306700,18.498955
2007-09-04,139.940002,145.839996,130.00,131.770004,436056400,17.602592
2007-09-10,136.98999,139.399994,133.75,138.809998,237298800,18.543037
2007-09-17,138.990005,144.649994,137.600006,144.149994,235753100,19.256386
2007-09-24,146.729996,155.00,146.650009,153.470001,224664000,20.501404
2007-10-01,154.630005,161.580002,152.930008,161.449997,196104300,21.567417
2007-10-08,163.490005,171.87999,153.209991,167.25,261998600,22.342215
2007-10-15,167.979996,174.630005,163.50,170.419998,269441400,22.765682
2007-10-22,170.350006,188.600006,169.960007,184.699997,320681200,24.673286
2007-10-29,185.449997,190.119995,180.00,187.869995,206021400,25.096754
2007-11-05,185.289993,192.680008,165.210007,165.37001,308499500,22.091076
2007-11-12,165.279999,177.570007,150.630005,166.389999,391429200,22.227333
2007-11-19,166.099991,172.350006,162.100006,171.540009,273852400,22.915298
2007-11-26,173.589996,187.699997,170.01001,182.220001,300621300,24.341995
2007-12-03,181.860001,194.990005,176.990005,194.300003,229677400,25.955709
2007-12-10,193.589996,196.830002,185.76001,190.389999,229894700,25.43339
2007-12-17,190.720001,193.910004,178.600006,193.910004,242139600,25.903612
2007-12-24,195.029999,202.959991,194.789993,199.829987,167444300,26.694439
2007-12-31,199.50,200.50,178.889999,180.049988,244775600,24.052113
2008-01-07,181.25,183.599991,168.299988,172.690002,406257600,23.068922
2008-01-14,177.520004,179.419998,156.699997,161.360001,456988800,21.555395
2008-01-22,148.059998,159.980011,126.139999,130.009995,585520600,17.367481
2008-01-28,128.160004,136.650009,126.449997,133.75,308714800,17.867094
2008-02-04,134.210007,135.899994,117.270004,125.480003,352642600,16.762339
2008-02-11,128.01001,131.00,123.619995,124.629997,262567200,16.64879
2008-02-19,125.989998,126.75,115.869995,119.459999,277529800,15.958153
2008-02-25,118.590004,132.199997,115.440002,125.020004,355526700,16.70089
2008-03-03,124.440002,127.499992,118.00,122.249992,365221200,16.330856
2008-03-10,121.980003,130.300003,119.369995,126.610001,282095200,16.91329
2008-03-17,122.550003,134.290009,122.550003,133.270004,262315200,17.802973
2008-03-24,134.009995,145.73999,133.639999,143.01001,250791800,19.104097
2008-03-31,143.269989,154.710007,142.520004,153.080002,237579300,20.449306
2008-04-07,156.12999,159.690002,146.399994,147.139999,260592900,19.655807
2008-04-14,146.769989,162.26001,144.539993,161.040009,203496500,21.512648
2008-04-21,162.210007,171.100006,158.089996,169.729996,333572800,22.673508
2008-04-28,169.75,181.919998,169.130005,180.940002,237993700,24.171005
2008-05-05,181.919998,188.199997,180.540009,183.450012,225135900,24.506306
2008-05-12,185.209991,192.23999,182.850006,187.619995,209880000,25.063356
2008-05-19,187.860001,188.690002,172.00,181.169998,259349000,24.201729
2008-05-27,182.75,189.539993,181.839996,188.75,174453400,25.214308
2008-06-02,188.600006,189.949997,182.339996,185.639999,193960600,24.798857
2008-06-09,184.789993,186.779999,165.309998,172.37001,332258700,23.026175
2008-06-16,171.299988,182.339996,169.069992,175.270004,222158500,23.413574
2008-06-23,174.73999,178.829987,164.150009,170.089996,191201900,22.721598
2008-06-30,170.190002,177.449997,164.00,170.119995,197272400,22.725605
2008-07-07,173.160004,180.910004,171.00,172.580002,218760900,23.054228
2008-07-14,179.240005,179.300003,165.00,165.149994,214991400,22.061686
2008-07-21,166.899994,168.369995,146.529999,162.119995,288754300,21.656921
2008-07-28,162.339996,162.470001,153.650009,156.659988,168605200,20.927542
2008-08-04,156.600006,169.649994,152.910004,169.549988,172933800,22.649462
2008-08-11,170.069992,180.450012,169.669998,175.740005,199474100,23.476358
2008-08-18,175.570007,177.809998,171.809998,176.790009,132726300,23.616623
2008-08-25,176.149994,176.25,169.039993,169.529999,121921500,22.64679
2008-09-02,172.399994,173.50,157.650009,160.179993,190366700,21.397764
2008-09-08,164.570007,164.889999,146.00,148.940002,251415500,19.896261
2008-09-15,142.029999,147.690002,120.68,140.909988,321402700,18.823566
2008-09-22,139.940002,140.25,123.00,128.23999,265829400,17.131035
2008-09-29,119.620003,119.68,94.649994,97.07,472449300,12.967168
2008-10-06,91.959999,101.50,85.00,96.800003,501530600,12.9311
2008-10-13,104.550003,116.399994,85.889999,97.400002,442349700,13.011251
2008-10-20,99.779999,101.25,90.110001,96.380005,462856300,12.874994
2008-10-27,95.07,112.190002,91.860001,107.589996,404586400,14.37249
2008-11-03,105.93,111.790001,95.720001,98.239998,306370100,13.123464
2008-11-10,100.170006,100.400002,86.019997,90.240005,339334500,12.054778
2008-11-17,88.480003,91.580002,79.139999,82.580002,341510400,11.03151
2008-11-24,85.209999,95.25,84.839996,92.669998,242197500,12.379391
2008-12-01,91.300003,96.229996,86.50,94.00,277316700,12.55706
2008-12-08,97.279999,103.599998,92.529999,98.269997,270423800,13.127471
2008-12-15,95.989998,96.479996,88.019997,90.00,246923000,12.022717
2008-12-22,90.019997,90.029999,84.550003,85.809998,128714400,11.462993
2008-12-29,86.519997,91.040001,84.720001,90.75,187947300,12.122907
2009-01-05,93.170006,97.169998,90.040001,90.579994,222215700,12.100196
2009-01-12,90.459999,90.989998,80.050003,82.330002,265851800,10.998115
2009-01-20,81.93,90.00,78.199997,88.360001,261405200,11.803637
2009-01-26,88.860001,95.00,88.299995,90.129997,170794500,12.040083
2009-02-02,89.100006,100.00,88.900002,99.720001,170121700,13.32117
2009-02-09,100.00,103.00,95.770004,99.160004,183260500,13.246363
2009-02-17,96.870003,97.040001,89.00,91.199997,189758600,12.18302
2009-02-23,91.650002,92.919998,86.509995,89.309998,188183300,11.930543
2009-03-02,88.120003,92.770004,82.330002,85.300003,197736000,11.394864
2009-03-09,84.18,97.200005,82.57,95.93,187927700,12.81488
2009-03-16,96.529999,103.479996,94.18,101.590004,178784700,13.570976
2009-03-23,102.709999,109.980003,101.75,106.850006,153137600,14.273637
2009-03-30,104.510002,116.130005,102.610001,115.989998,155542800,15.49461
2009-04-06,114.940002,120.00,113.279999,119.57,136314500,15.972847
2009-04-13,120.009995,124.25,115.76001,123.419998,117384100,16.487152
2009-04-20,121.729996,127.199997,118.600006,123.900009,168091900,16.551273
2009-04-27,122.899994,127.950005,122.660004,127.240005,114533100,16.99745
2009-05-04,128.23999,133.50,126.26001,129.190002,124044600,17.257942
2009-05-11,127.370003,130.959991,119.379997,122.419998,121275200,16.353567
2009-05-18,123.730003,129.309998,121.570007,122.50,96289600,16.364254
2009-05-26,124.759995,135.899994,124.549995,135.809998,139214700,18.142279
2009-06-01,136.470001,146.399994,136.00,144.669998,132863600,19.32585
2009-06-08,143.819992,144.559998,136.040009,136.970001,169257400,18.297239
2009-06-15,136.01001,139.50,134.529999,139.479996,138775200,18.63254
2009-06-22,140.669998,143.559998,132.880005,142.440002,142790200,19.027954
2009-06-29,143.459991,144.660004,139.789993,140.020004,111656100,18.704676
2009-07-06,138.699997,139.680008,134.420013,138.520004,116225700,18.504297
2009-07-13,139.540009,152.019989,137.529999,151.75,115603000,20.271637
2009-07-20,153.269989,160.00,149.75,159.990005,172486800,21.372383
2009-07-27,160.169998,165.00,157.259995,163.389999,103558200,21.826574
2009-08-03,165.210007,167.389999,163.089996,165.509995,97110300,22.109776
2009-08-10,165.660004,168.669998,161.87999,166.779999,92325200,22.27943
2009-08-17,163.550003,169.37001,159.419998,169.220001,106345500,22.605379
2009-08-24,170.119995,172.48999,164.829987,170.049988,96908200,22.716255
2009-08-31,168.160004,170.699997,164.110001,170.309998,90659900,22.750988
2009-09-08,172.979996,174.470001,169.699997,172.160004,122889300,22.998121
2009-09-14,170.830002,186.790009,170.25,185.020004,145733000,24.716034
2009-09-21,184.289993,188.899994,181.440002,182.369995,119207600,24.362032
2009-09-28,183.869995,187.400009,180.699997,184.899994,115021700,24.700005
2009-10-05,186.199997,191.449997,184.270004,190.470001,111268500,25.444075
2009-10-12,191.020004,192.319992,187.839996,188.050003,90826900,25.1208
2009-10-19,187.850006,208.709991,185.550003,203.940002,224458700,27.243475
2009-10-26,203.669998,206.75,188.169998,188.50,167353600,25.180912
2009-11-02,189.800003,195.190002,185.570007,194.339996,118447700,25.961054
2009-11-09,196.940002,205.00,196.26001,204.450012,104044600,27.311605
2009-11-16,205.480011,208.00,197.759995,199.919998,110251600,26.706461
2009-11-23,203.00,206.00,198.369995,200.589996,85940400,26.795963
2009-11-30,201.110001,202.769989,190.279999,193.320007,144074200,25.824797
2009-12-07,193.320007,199.700012,188.680008,194.669998,150469200,26.005136
2009-12-14,195.369995,197.509995,191.00,195.429993,113292200,26.106661
2009-12-21,196.050003,209.350006,195.670013,209.040009,112989800,27.924765
2009-12-28,211.720001,213.949997,208.309998,210.730011,115891600,28.150524
2010-01-04,213.429993,215.589996,209.050003,211.980011,128626800,28.317507
2010-01-11,212.800003,213.00,204.100006,205.929993,134477100,27.509312
2010-01-19,208.330002,215.549988,197.160004,197.75,177005100,26.41658
2010-01-25,202.51001,213.710007,190.25,192.059998,353741600,25.656479
2010-02-01,192.369995,200.199997,190.850006,195.460007,183575200,26.11067
2010-02-08,195.690002,201.639999,194.00,200.37999,134366600,26.76791
2010-02-16,201.940002,204.309998,200.860001,201.669998,113651800,26.940237
2010-02-22,202.339996,205.169998,195.709991,204.619995,129940500,27.334314
2010-03-01,205.75,219.699997,205.449997,218.950012,137717700,29.248598
2010-03-08,220.01001,227.729996,217.889999,226.600006,138419500,30.270531
2010-03-15,225.380005,226.449982,220.25,222.25,114646100,29.689432
2010-03-22,220.470001,231.950012,220.150009,230.899994,141989500,30.844948
2010-03-29,233.00,238.730011,231.619995,235.970001,131366200,31.522226
2010-04-05,234.980011,241.920013,234.769989,241.789993,133359900,32.299694
2010-04-12,242.199982,251.140015,241.110001,247.399994,108532200,33.049114
2010-04-19,247.029999,272.179993,241.769989,270.829987,193901100,36.179024
2010-04-26,271.880005,272.459991,256.410004,261.089996,152405900,34.877903
2010-05-03,263.839996,267.880005,199.25,235.860001,251157200,31.507534
2010-05-10,250.25,265.00,248.529984,253.819992,192333400,33.906731
2010-05-17,254.700012,258.549988,231.349991,242.319992,253902300,32.370495
2010-05-24,247.279999,259.400024,237.160004,256.880005,206739800,34.315506
2010-06-01,259.690002,265.940002,254.62999,255.960007,185839500,34.192608
2010-06-07,258.290009,259.149994,242.199982,253.509995,203222800,33.865322
2010-06-14,255.960007,275.00,254.01001,274.070007,181459400,36.611847
2010-06-21,277.690002,279.009979,265.809998,266.699982,176321400,35.627316
2010-06-28,266.929993,269.75,243.200012,246.939987,208724100,32.987663
2010-07-06,251.00,262.900024,246.160004,259.619995,152578600,34.68153
2010-07-12,258.529999,261.850006,246.429993,249.900009,221528700,33.38308
2010-07-19,249.880005,265.149994,239.600006,259.940002,223190300,34.724277
2010-07-26,260.00,265.990021,254.900009,257.25,130866200,34.364933
2010-08-02,260.440002,264.279999,257.630005,260.090027,100003900,34.744316
2010-08-09,261.480011,262.149994,246.119995,249.099991,113244600,33.276207
2010-08-16,247.580002,254.669998,246.62001,249.639999,94585100,33.348343
2010-08-23,251.790009,252.00,235.559998,241.619995,131418500,32.276989
2010-08-30,240.76001,258.779999,240.349991,258.77002,121866500,34.567986
2010-09-07,256.640015,266.52002,256.25,263.410004,105951600,35.18782
2010-09-13,265.820007,277.960022,265.519989,275.369995,125643900,36.785503
2010-09-20,276.079987,293.529999,275.850006,292.319977,167382300,39.049782
2010-09-27,293.980011,294.730011,275.00,282.52002,155452700,37.740646
2010-10-04,281.600006,294.50,277.769989,294.069977,133747000,39.283558
2010-10-11,294.73999,315.00,292.48999,314.73999,148694000,42.044777
2010-10-18,318.470001,319.00,300.02002,307.470001,198582800,41.073608
2010-10-25,309.090027,311.600006,300.869995,300.980011,108297800,40.206638
2010-11-01,302.220001,320.180023,302.200012,317.130005,118495400,42.364048
2010-11-08,317.200012,321.300018,303.630005,308.029999,110333000,41.148415
2010-11-15,308.460022,310.540009,297.76001,306.730011,121002000,40.974758
2010-11-22,306.679993,317.700012,305.869995,315.00,97739600,42.07951
2010-11-29,315.50,319.00,310.869995,317.440002,110716200,42.405457
2010-12-06,318.640015,323.98999,317.110016,320.559998,85926600,42.822247
2010-12-13,324.369995,325.059998,319.00,320.610016,95854700,42.828926
2010-12-20,321.599976,325.720001,318.230011,323.600006,70690200,43.228348
2010-12-27,322.850006,326.660004,321.309998,322.559998,46994000,43.08942
2011-01-03,325.640015,336.350006,324.840027,336.119995,81104900,44.900841
2011-01-10,338.829987,348.47998,337.169983,348.47998,90043900,46.55196
2011-01-18,329.52002,348.600006,326.00,326.720001,283487500,43.645134
2011-01-24,326.869995,345.600006,326.720001,336.100006,125275500,44.898167
2011-01-31,335.799988,346.700012,334.299988,346.50,88923600,46.28746
2011-02-07,347.889984,360.00,347.640015,356.850006,132246500,47.670074
2011-02-14,356.790009,364.899994,349.519989,350.559998,121119400,46.829819
2011-02-22,342.149994,348.429993,337.720001,348.160004,151520600,46.509212
2011-02-28,351.23999,360.290009,347.679993,360.00,120792800,48.090866
2011-03-07,361.399994,361.669983,344.899994,351.98999,116718200,47.020847
2011-03-14,353.179993,356.47998,326.259979,330.669983,186584300,44.172798
2011-03-21,335.990021,352.059998,335.26001,351.540009,98097100,46.960732
2011-03-28,353.149994,354.320007,343.300018,344.559998,84217100,46.028305
2011-04-04,344.309998,344.600006,333.949982,335.059998,104816800,44.759239
2011-04-11,334.059998,336.140015,326.799988,327.459991,96310600,43.743984
2011-04-18,326.099976,355.130005,320.160004,350.699982,155234600,46.848518
2011-04-25,350.339996,354.98999,345.52002,350.130005,116443100,46.772373
2011-05-02,349.73999,351.830017,345.50,346.660004,88070700,46.308834
2011-05-09,347.860016,350.00,340.350006,340.50,73547700,45.485947
2011-05-16,339.199982,342.410004,330.730011,335.220001,91801200,44.780613
2011-05-23,329.970001,338.559998,329.420013,337.410004,71295500,45.073166
2011-05-31,341.100006,352.130005,341.00,343.440002,101529400,45.878689
2011-06-06,345.700012,347.049988,325.509979,325.900024,101724700,43.535595
2011-06-13,327.200012,333.25,318.330017,320.259979,109442400,42.782169
2011-06-20,317.359985,333.149994,310.50,326.350006,126208800,43.595707
2011-06-27,327.589996,343.50,327.25,343.26001,87246300,45.854641
2011-07-05,343.00,360.00,342.50,359.709991,105561000,48.052128
2011-07-11,356.340027,365.00,348.619995,364.919983,110046100,48.748108
2011-07-18,365.429993,396.27002,365.279999,393.299988,168820100,52.539272
2011-07-25,390.350006,404.50,384.00,390.47998,147616500,52.16256
2011-08-01,397.779999,399.50,362.570007,373.619995,203044100,49.910305
2011-08-08,361.690002,379.640015,353.019989,376.98999,218800900,50.360489
2011-08-15,379.630005,384.970001,356.00,356.029999,151433900,47.560532
2011-08-22,364.51001,383.799988,355.089996,383.579987,166562000,51.240818
2011-08-29,388.179993,392.080017,371.830017,374.049988,106422100,49.967747
2011-09-06,367.369995,388.609985,366.480011,377.47998,115077900,50.425945
2011-09-12,373.00,400.50,371.899994,400.50,127972400,53.501091
2011-09-19,397.00,422.860016,395.199982,404.299988,186017400,54.008713
2011-09-26,399.859985,409.25,381.179993,381.320007,153686900,50.938915
2011-10-03,380.369995,384.779999,354.23999,369.799988,201864300,49.400009
2011-10-10,379.090027,422.00,378.209991,422.00,133502000,56.373184
2011-10-17,421.740021,426.699982,390.75,392.869995,192111000,52.481831
2011-10-24,396.179993,409.00,393.150024,404.949982,110318800,54.095547
2011-10-31,402.419983,409.330017,393.220001,400.23999,99412800,53.466358
2011-11-07,399.910004,408.00,380.26001,384.619995,131397000,51.379745
2011-11-14,383.519989,391.140015,374.880005,374.940002,103238200,50.086639
2011-11-21,370.400024,377.930023,363.320007,363.570007,96252100,48.567768
2011-11-28,372.349976,393.630005,370.200012,389.700012,94722100,52.058365
2011-12-05,393.48999,396.410004,386.759979,393.619995,80945200,52.58202
2011-12-12,391.679993,395.399994,377.679993,381.019989,86228100,50.898838
2011-12-19,382.470001,403.590027,380.480011,403.330017,65372500,53.879139
2011-12-27,403.099976,409.089996,400.51001,405.00,55586100,54.102226
2012-01-03,409.399994,422.75,409.00,422.399994,71987800,56.426617
2012-01-09,425.50,427.75,418.660004,419.809998,65295700,56.080631
2012-01-17,424.199982,431.369995,419.75,420.300018,74712500,56.146088
2012-01-23,422.669983,454.449982,419.549988,447.279999,121785400,59.750233
2012-01-30,445.709991,460.00,445.390015,459.679993,75723300,61.406693
2012-02-06,458.380005,497.619995,458.200012,493.419983,124452100,65.913879
2012-02-13,499.529999,526.290039,486.630005,502.119995,198204500,67.076073
2012-02-21,506.880005,522.899963,504.119995,522.409973,129499800,69.786522
2012-02-27,521.309998,548.209961,516.280029,545.179993,160748100,72.828278
2012-03-05,545.420044,547.73999,516.219971,545.170044,167663000,72.826942
2012-03-12,548.97998,600.01001,547.00,585.570007,225109300,78.223801
2012-03-19,598.369995,609.650024,589.049988,596.049988,170814900,79.623787
2012-03-26,599.790039,621.450012,595.26001,599.549988,159880400,80.091331
2012-04-02,601.830017,634.660034,600.380005,633.679993,165449300,84.650612
2012-04-09,626.130005,644.00,603.51001,605.22998,182892900,80.850098
2012-04-16,610.059998,620.25,570.419983,572.97998,244827500,76.541962
2012-04-23,570.609985,618.00,555.00,603.00,194562300,80.552208
2012-04-30,597.799988,598.400024,565.169983,565.25,123253700,75.509338
2012-05-07,561.50,575.880005,558.72998,566.710022,108541000,75.704376
2012-05-14,562.570007,567.51001,522.179993,530.380005,141968500,70.851204
2012-05-21,534.50,576.50,534.049988,562.289978,136780500,75.113922
2012-05-29,570.900024,581.50,560.52002,560.98999,120162500,74.940262
2012-06-04,561.50,580.580017,548.50,580.320007,103697400,77.522476
2012-06-11,587.719971,588.50,566.700012,574.130005,100052600,76.69558
2012-06-18,570.959961,590.00,570.369995,582.099976,88579100,77.760262
2012-06-25,577.299988,584.00,565.609985,584.00,74412600,78.014076
2012-07-02,584.730042,614.339966,583.599976,605.880005,96569900,80.936928
2012-07-09,605.299988,619.869995,592.679993,604.969971,105007700,80.815369
2012-07-16,605.119995,615.349976,603.149963,604.300049,84095900,80.725868
2012-07-23,594.399963,609.679993,570.00,585.159973,137049500,78.169029
2012-07-30,590.920044,617.980042,587.820007,615.700012,95152500,82.248741
2012-08-06,617.290039,625.00,615.26001,621.700012,62691800,83.40683
2012-08-13,623.390015,648.190002,623.25,648.109985,78681900,86.949982
2012-08-20,650.01001,674.880005,648.109985,663.219971,142444800,88.977127
2012-08-27,679.98999,680.869995,657.25,665.23999,76912600,89.248131
2012-09-04,665.76001,682.480042,664.50,680.440002,89070600,91.287346
2012-09-10,680.450012,696.97998,656.00,691.280029,145152400,92.741638
2012-09-17,699.349976,705.070007,693.619995,700.089966,100328300,93.923576
2012-09-24,686.859985,695.119995,660.350037,667.100037,143213000,89.497665
2012-10-01,671.159973,676.75,650.649963,652.589966,128030000,87.55101
2012-10-08,646.880005,647.559998,623.550049,629.710022,149652100,84.481445
2012-10-15,632.350037,652.789978,609.619995,609.840027,129601000,81.815704
2012-10-22,612.419983,635.380005,591.00,604.00,174358100,81.032211
2012-10-31,594.880005,603.00,574.75,576.799988,122556200,77.38308
2012-11-05,583.52002,590.73999,533.719971,547.059998,184188000,73.728394
2012-11-12,554.149963,554.50,505.75,527.679993,179136300,71.116516
2012-11-19,540.710022,572.00,539.880005,571.50,131993700,77.022224
2012-11-26,575.900024,594.25,572.26001,585.279968,129539600,78.879379
2012-12-03,593.650024,594.590027,518.630005,533.25,196511900,71.867195
2012-12-10,525.00,549.559998,505.580017,509.789978,167240600,68.705437
2012-12-17,508.929993,534.899963,501.230011,519.330017,145530900,69.991165
2012-12-24,520.350037,524.25,504.659973,509.589966,80474200,68.678482
2012-12-31,510.529968,555.00,509.00,527.00,135456800,71.024864
2013-01-07,522.00,531.890015,515.200012,520.300049,115106000,70.121895
2013-01-14,502.680023,510.75,483.379974,500.00,161419300,67.386024
2013-01-22,504.559998,514.98999,435.00,439.880005,249495900,59.283527
2013-01-28,437.829987,462.600006,435.859985,453.619995,131632400,61.135296
2013-02-04,453.909973,478.809998,442.00,474.980011,149095500,64.3871
2013-02-11,476.50,484.940002,459.920013,460.160004,117438500,62.378139
2013-02-19,461.100006,462.730011,442.819977,450.809998,105620200,61.110676
2013-02-25,453.850006,455.119995,429.97998,430.470001,116819600,58.353439
2013-03-04,427.799988,435.429993,419.00,431.720001,127069700,58.522884
2013-03-11,429.75,444.230011,425.140015,443.660004,114676600,60.141441
2013-03-18,441.450012,462.099976,441.200012,461.910004,110999700,62.615364
2013-03-25,464.690002,469.949982,441.619995,442.660004,98094100,60.005882
2013-04-01,441.899994,443.700012,419.679993,423.199982,101230500,57.367931
2013-04-08,424.849976,437.98999,422.48999,429.800018,77517400,58.262615
2013-04-15,427.00,427.890015,385.100006,390.529999,142196000,52.93927
2013-04-22,392.639984,418.77002,391.269989,417.199982,160637200,56.554588
2013-04-29,420.450012,453.230042,420.00,449.980011,131095100,60.998165
2013-05-06,455.709961,465.75,450.480011,452.970001,109316600,61.80991
2013-05-13,451.509979,457.899994,418.899994,433.26001,126839400,59.120388
2013-05-20,431.910004,448.350037,430.099976,445.149994,98991300,60.742832
2013-05-28,449.900024,457.100037,439.399994,449.730042,90909000,61.367798
2013-06-03,450.72998,454.429993,432.77002,441.809998,88857000,60.287075
2013-06-10,444.72998,449.080017,428.50,430.049988,77959500,58.682365
2013-06-17,431.440002,435.700012,408.100006,413.50,80190400,56.424042
2013-06-24,407.399994,408.660004,388.869995,396.529999,103919700,54.108406
2013-07-01,402.690002,423.290009,401.220001,417.419983,85992000,56.958942
2013-07-08,420.109985,429.790009,410.380005,426.51001,76899200,58.199318
2013-07-15,425.01001,434.869995,424.170013,424.949982,57252300,57.986446
2013-07-22,429.459991,444.589996,418.710022,440.990021,79938700,60.175182
2013-07-29,440.799988,462.850006,440.200012,462.539978,68073600,63.11578
2013-08-05,464.690002,471.890015,453.650024,454.449982,73760600,62.421303
2013-08-12,456.860016,504.25,456.630005,502.330017,142767300,68.997902
2013-08-19,504.339966,513.73999,498.199982,501.02002,83601200,68.817963
2013-08-26,500.75,510.199982,486.00,487.220032,78735800,66.922455
2013-09-03,493.099976,502.240021,487.350006,498.220001,79553400,68.433365
2013-09-09,505.000031,507.919983,464.699982,464.899994,134273300,63.85667
2013-09-16,460.999969,478.550018,447.220001,467.410004,125189600,64.201439
2013-09-23,496.100006,496.910004,480.720001,482.75,95433500,66.308472
2013-09-30,477.25,492.350006,474.410004,483.030029,74242200,66.346931
2013-10-07,486.559967,493.839966,478.279999,492.809998,72563800,67.690269
2013-10-14,489.830017,509.259979,489.350006,508.889984,68860400,69.898949
2013-10-21,511.77002,533.22998,508.029999,525.960022,98422500,72.243614
2013-10-28,529.039978,539.25,514.539978,520.030029,104549900,71.429092
2013-11-04,521.099976,528.890015,512.380005,520.559998,63757600,71.91935
2013-11-11,519.98999,529.279968,514.410034,524.98999,61464400,72.531387
2013-11-18,524.98999,527.190002,513.670044,519.799988,56677600,71.814346
2013-11-25,521.02002,558.330017,521.00,556.069946,82016900,76.825317
2013-12-02,558.00,575.140015,550.819946,560.019958,104662700,77.37104
2013-12-09,560.900024,570.970032,553.669983,554.429993,77679700,76.598747
2013-12-16,555.02002,562.640015,538.799988,549.02002,91754000,75.851311
2013-12-23,568.00,571.880005,559.50,560.089966,68672100,77.380714
2013-12-30,557.460022,561.279968,540.429993,540.980042,68991600,74.740524
2014-01-06,537.450012,546.859985,531.109985,532.940002,78623700,73.629738
2014-01-13,529.910034,560.200012,529.880005,540.669983,87935500,74.697693
2014-01-21,540.98999,557.289978,540.419983,546.070007,96319100,75.443748
2014-01-27,550.070007,554.799988,493.549988,500.599976,163325500,69.161713
2014-02-03,502.610016,522.929993,499.300018,519.679993,86726700,72.227531
2014-02-10,518.659973,545.980042,518.00,543.98999,75811900,75.606255
2014-02-18,546.00,551.190002,524.599976,525.25,72416400,73.001678
2014-02-24,523.150024,532.75,515.599976,526.23999,73546400,73.139267
2014-03-03,523.419983,534.75,522.809998,530.440002,55210100,73.723007
2014-03-10,528.360046,539.659973,523.00,524.690002,57603800,72.923843
2014-03-17,527.699951,536.23999,525.200012,532.869995,60819600,74.060738
2014-03-24,538.420044,549.00,534.25,536.859985,68017800,74.615288
2014-03-31,539.230042,543.47998,530.580017,531.820007,49372200,73.91481
2014-04-07,528.02002,532.23999,517.140015,519.610046,62563900,72.217804
2014-04-14,521.900024,527.76001,511.329987,524.940002,60704000,72.958595
2014-04-21,525.339966,571.98999,523.959961,571.940002,96511900,79.490868
2014-04-28,572.800049,599.429993,572.549988,592.580017,94953300,82.359512
2014-05-05,590.140015,604.409973,580.330017,585.540039,73319500,81.835602
2014-05-12,587.48999,597.529968,585.400024,597.51001,52322600,83.508537
2014-05-19,597.849976,614.72998,597.329956,614.130005,59121000,85.83136
2014-05-27,615.880005,644.169983,615.630005,633.00,100302600,88.468651
2014-06-02,633.959961,651.26001,622.50,645.570007,82564300,90.225449
2014-06-09,92.699997,95.050003,90.879997,91.279999,58629400,89.301628
2014-06-16,91.510002,92.75,90.900002,90.910004,47045400,88.939651
2014-06-23,91.32,92.00,89.650002,91.980003,43251400,89.986458
2014-06-30,92.099998,94.099998,92.089996,94.029999,34765500,91.99202
2014-07-07,94.139999,96.800003,93.519997,95.220001,46366000,93.156235
2014-07-14,95.860001,97.099998,92.57,94.43,49794000,92.383354
2014-07-21,94.989998,97.879997,93.720001,97.669998,55278400,95.553131
2014-07-28,97.82,99.440002,94.809998,96.129997,47365000,94.046509
2014-08-04,96.370003,96.580002,93.279999,94.739998,44605000,93.147667
2014-08-11,95.269997,98.190002,94.839996,97.980003,35872600,96.333214
2014-08-18,98.489998,101.470001,97.980003,101.32,49466400,99.617073
2014-08-25,101.790001,102.900002,100.699997,102.50,47769200,100.777245
2014-09-02,103.059998,103.739998,97.790001,98.970001,80790000,97.306572
2014-09-08,99.300003,103.080002,96.139999,101.660004,92410300,99.951363
2014-09-15,102.809998,103.050003,98.889999,100.959999,59470500,99.263123
2014-09-22,101.800003,102.940002,97.720001,100.75,67764900,99.056656
2014-09-29,98.650002,101.540001,98.040001,99.620003,49549800,97.945648
2014-10-06,99.949997,102.379997,98.309998,100.730003,56051600,99.036995
2014-10-13,101.330002,101.779999,95.18,97.669998,71707900,96.028419
2014-10-20,98.32,105.489998,98.220001,105.220001,71706500,103.45153
2014-10-27,104.849998,108.040001,104.699997,108.00,44046100,106.184807
2014-11-03,108.220001,110.300003,107.720001,109.010002,39990500,107.64257
2014-11-10,109.019997,114.190002,108.400002,114.18,41033300,112.747719
2014-11-17,114.269997,117.57,113.300003,116.470001,46682900,115.008987
2014-11-24,116.849998,119.75,116.620003,118.93,45468400,117.438133
2014-12-01,118.809998,119.25,111.269997,115.00,53317900,113.557426
2014-12-08,114.099998,114.849998,109.349998,109.730003,51973600,108.353539
2014-12-15,110.699997,113.239998,106.260002,111.779999,65771300,110.377823
2014-12-22,112.160004,114.519997,111.970001,113.989998,29849100,112.560097
2014-12-29,113.790001,114.769997,107.349998,109.330002,38022100,107.958557
2015-01-05,108.290001,113.25,104.629997,112.010002,56650500,110.604935
2015-01-12,112.599998,112.800003,105.199997,105.989998,60721400,104.660446
2015-01-20,107.839996,113.75,106.50,112.980003,49684200,111.562775
2015-01-26,113.739998,120.00,109.029999,117.160004,93168500,115.690338
2015-02-02,118.050003,120.510002,116.080002,118.93,54151400,117.901619
2015-02-09,118.550003,127.480003,118.43,127.080002,60641300,125.981148
2015-02-17,127.489998,129.50,126.919998,129.50,48588700,128.380219
2015-02-23,130.020004,133.600006,126.610001,128.460007,73643200,127.34922
2015-03-02,129.25,130.279999,125.760002,126.599998,49387700,125.505295
2015-03-09,127.959999,129.570007,121.629997,123.589996,65302800,122.521317
2015-03-16,123.879997,129.25,122.870003,125.900002,53334500,124.811348
2015-03-23,127.120003,128.039993,122.599998,123.25,41865200,122.184265
2015-03-30,124.050003,126.489998,123.099998,125.32,40507900,124.236359
2015-04-06,124.470001,128.119995,124.330002,127.099998,36441500,126.000969
2015-04-13,128.369995,128.570007,124.459999,124.75,34237200,123.671288
2015-04-20,125.57,130.630005,125.169998,130.279999,41488100,129.153473
2015-04-27,132.309998,134.539993,124.580002,128.949997,84194400,127.834969
2015-05-04,129.50,130.570007,123.360001,127.620003,54378400,127.044937
2015-05-11,127.389999,129.490005,124.82,128.770004,41660300,128.189758
2015-05-18,128.380005,132.970001,128.360001,132.539993,43459400,131.942764
2015-05-26,132.600006,132.910004,129.119995,130.279999,49537100,129.692947
2015-06-01,130.279999,131.389999,128.360001,128.649994,34149300,128.070297
2015-06-08,128.899994,130.179993,125.620003,127.169998,44022900,126.596962
2015-06-15,126.099998,128.309998,125.709999,126.599998,39705000,126.029533
2015-06-22,127.489998,129.800003,126.510002,126.75,39118800,126.178856
2015-06-29,125.459999,126.940002,124.480003,126.440002,37745400,125.870255
2015-07-06,124.940002,126.230003,119.220001,123.279999,54988900,122.724495
2015-07-13,125.029999,129.619995,124.32,129.619995,37848900,129.035919
2015-07-20,130.970001,132.970001,121.989998,124.50,68853800,123.938995
2015-07-27,123.089996,123.910004,120.910004,121.300003,38319700,120.753418
2015-08-03,121.50,122.57,112.099998,115.519997,77000100,115.519997
2015-08-10,116.529999,119.989998,109.629997,115.959999,68943400,115.959999
2015-08-17,116.040001,117.650002,105.650002,105.760002,63933600,105.760002
2015-08-24,94.870003,113.309998,92.00,113.290001,100072600,113.290001
2015-08-31,112.029999,114.529999,107.360001,109.269997,59566800,109.269997
2015-09-08,111.75,114.209999,109.769997,114.209999,62643900,114.209999
2015-09-14,116.580002,116.889999,111.870003,113.449997,54999500,113.449997
2015-09-21,113.669998,116.690002,112.370003,114.709999,47532300,114.709999
2015-09-28,113.849998,114.57,107.309998,110.379997,62454600,110.379997
2015-10-05,109.879997,112.279999,108.209999,112.120003,52150900,112.120003
2015-10-12,112.730003,112.75,109.559998,111.040001,36488200,111.040001
2015-10-19,110.800003,119.230003,110.110001,119.080002,44118400,119.080002
2015-10-26,118.080002,121.220001,113.989998,119.50,61609800,119.50
2015-11-02,119.870003,123.489998,119.610001,122.57,38546100,122.57
